[{"name": "sahana", "student_id": "sahana ", "password": "Sahana"}, {"name": "Sahana ", "student_id": "Sahana ", "password": "Sahana "}, {"name": "Sahana", "student_id": "Sahana", "password": "Sahana"}, {"name": "sahana", "student_id": "sahana", "password": "sahana"}, {"name": "Sahana", "student_id": "119CS22050", "password": "sahana"}, {"name": "SURABI D N", "student_id": "119CS22056", "password": "sURABI@187"}, {"name": "s", "student_id": "s", "password": "s"}, {"name": "shakunthala", "student_id": "119CS22051", "password": "shaku"}, {"name": "Sahana S", "student_id": "119cs22050", "password": "sahana"}, {"name": "Apurva", "student_id": "119CS", "password": "apurvap9353"}, {"name": "Apurva", "student_id": "119CS22", "password": "apurva9353"}, {"name": "shakunthala", "student_id": "119CS220511", "password": "s"}, {"name": "surabi", "student_id": "119cs22056", "password": "s"}, {"name": "Apurva", "student_id": "119CS22008", "password": "a"}, {"name": "Chandini", "student_id": "119CS220X1", "password": "c"}, {"name": "sahana", "student_id": "119CS220500", "password": "sahana"}, {"name": "Sahana ", "student_id": "119CS22045", "password": "sahana"}, {"name": "a", "student_id": "a", "password": "a", "otp_secret": "IR5EYL7MDPWGZGSI7ZZH3ZQEI4IIWH56"}, {"name": "c", "student_id": "c", "password": "c", "otp_secret": "QHOGX22GJXJRSWWZ4SSYNA4NTEEWT6AY"}, {"name": "h", "student_id": "h", "password": "h", "email": "sahanawpt2022@gmail.com", "otp_secret": "E73TOHJJJHYWU2CNCKZ42V44LDBVW67W"}, {"name": "m", "student_id": "m", "password": "m", "email": "sahanawpt2022@gmail.com", "otp_secret": "7SI2UNDFKBE54FGS4ANKKSJJXSV4SNQQ"}, {"name": "S", "student_id": "S", "password": "S", "email": "sahanawpt2022@gmail.com", "phone": "8095975524", "otp_secret": "LN5SFFRXRYCNFH3BICVHUIAUS4NZK66K"}]